feature,importance,importance_pct,model
distance_km,0.8085028986291961,80.85028986291961,Random Forest
grade_avg,0.14995297274948335,14.995297274948335,Random Forest
temperature_C,0.01566940073067561,1.5669400730675611,Random Forest
avg_speed_kmh,0.014668438386334064,1.4668438386334064,Random Forest
n_stops,0.007236556567868681,0.723655656786868,Random Forest
hour,0.0021874723202515126,0.21874723202515126,Random Forest
n_passengers,0.0017822606161907262,0.17822606161907262,Random Forest
