{
  "random_forest": {
    "MSE": 9.560932833861098e-05,
    "RMSE": 0.009778002267263542,
    "MAE": 0.00656456911240104,
    "R2": 0.9891127323544405,
    "MAPE_pct": 3.281022468279646,
    "cv_rmse_mean": 0.01125408550367208,
    "cv_rmse_std": 0.002409286040314245,
    "cv_rmse_scores": [
      0.01591819806285844,
      0.009448714313825261,
      0.009376455953866259,
      0.010803542684627118,
      0.010723516503183322
    ]
  },
  "best_model": "Random Forest",
  "n_train": 7578,
  "n_test": 1895,
  "features": [
    "distance_km",
    "n_passengers",
    "avg_speed_kmh",
    "grade_avg",
    "n_stops",
    "temperature_C",
    "hour"
  ]
}